,Name,Review Country and Date,Rating,Review Title,Review Comment
0,hi,India on 10 June 2023,5.0 out of 5 stars,Very good wheel for the price,it is one of the only wheels which include shifter with 900 degree rotation and it is of good quality but would be better with force feed back :)
1,Sumayya khan,India on 31 May 2023,1.0 out of 5 stars,No gear available ğŸ˜• and quality is not nice.,                    The media could not be loaded.                In this price the quality is really low.
2,Ha Van Dong,Japan on 13 May 2023,3.0 out of 5 stars,Pc ã«å‘ã‹ã£ã¦ãªã„ã€‚,PCã‚²ãƒ¼ãƒ ã«è³¼å…¥ã—ãŸã€‚Raceroom ã¨ Forza Horizon5 ã‚’ãƒ—ãƒ¬ã‚¤ã—ãŸã‘ã©ã€‚Race room ã¯å•é¡Œãªã‹ã£ãŸã€æ™®é€šã«å‹•ä½œã—ã¦ã„ã¾ã™ã€‚ã—ã‹ã—ã„ã‚ã‚“ãªè¨­å®šãŒå¿…è¦ã€‚Forza Horizon5 ã«ã¯å…¨ç„¶å‹•ã‹ãªã„ã€‚ãƒãƒ³ãƒ‰ãƒ«ã«ã‚‚å‚¾ã„ã¦ã„ã‚‹ã€å®Œæˆåº¦ã¯ã¡ã‚‡ã£ã¨æ®‹å¿µã€‚ãƒãƒ³ãƒ‰ãƒ«ã¯ã„ã„ã˜ã‚ƒãªã„ã‹ã¨æ€ã£ã¦ä½¿ã„ç¶šã‘ã‚ˆã¨ã—ãŸãŒã€‚Forza Horizon5 ã«ä½¿ãˆãªã„ã®ã§è¿”å“ã—ãŸã€‚ã‚ã¨ã¯ãƒ–ãƒ¬ãƒ¼ã‚­ãƒšãƒ€ãƒ«ã¨ã‚¯ãƒ©ãƒƒãƒãƒšãƒ€ãƒ«ã¯ã²ã¨ã¤ã¿ãŸã„ã§ã™ãŒã€‚è¨­å®šã™ã‚‹ã¨ãã«ã©ã£ã¡è¸ã‚“ã§ã‚‚åŒã˜æ©Ÿèƒ½ã€‚
3,Debbie Earley,the United States on 14 April 2024,5.0 out of 5 stars,As pictured,"Great price for everything you get, works great"
4,Miyazaki,Japan on 26 April 2023,2.0 out of 5 stars,ãŠã™ã™ã‚ã¯ã—ãªã„,æ–°å“ã§è³¼å…¥ã—ãŸè€…ã§ã™ãŒã€ã‚¹ãƒ†ã‚¢ãƒªãƒ³ã‚°(ãƒãƒ³ãƒ‰ãƒ«)ã®ã‚»ãƒ³ã‚¿ãƒ¼éƒ¨åˆ†ãŒã‚·ãƒ¼ãƒ«ã ã£ãŸã›ã„ãªã®ã‹ã€å‰¥ãŒã‚Œã¦ã„ãŸã‚Šã€ps4ç‰ˆã®GT7(ã‚°ãƒ©ãƒ³ãƒ„ãƒ¼ãƒªã‚¹ãƒ¢7)ã‚’ãƒ—ãƒ¬ã‚¤ã—ã¦ã„ã‚‹æ™‚ã€ã—ã°ã‚‰ãä½¿ã†ã¨ã‚¹ãƒ†ã‚¢ãƒªãƒ³ã‚°ãŒåå¿œã—ãªããªã£ãŸã‚Šã€ã‚·ãƒ•ãƒˆãŒåå¿œã—ãªã‹ã£ãŸã‚Šã—ã¾ã—ãŸã€‚ãªã®ã§è³¼å…¥ã™ã‚‹ã®ã§ã‚ã‚Œã°pxnç¤¾è£½ã®ç‰©ã‚ˆã‚Šã‚‚ã£ã¨æ€§èƒ½ãŒè‰¯ã„ã€Logicoolç¤¾è£½ã®ç‰©ãªã©ã‚’é¸ã‚“ã æ–¹ãŒè‰¯ã„ã¨æ€ã„ã¾ã™ã€‚
5,Josh koch,the United States on 23 February 2024,5.0 out of 5 stars,Great buy,Came on time in perfect condition. Saved alot of  $$$
6,Kwaye,the United States on 25 February 2023,1.0 out of 5 stars,Will be returning,"I bought this for ATS, NASCAR Racing and a few other driving games.  Setup took most of the day.  It worked with NASCAR.  Set up the buttons for ATS and Motor Town.  The buttons worked.  The shifter worked with multiple attempts to get right.  The accelerator and brake pedals were reversed and the clutch wouldnâ€™t work without duplicate axis.  Recalibrated multiple times.  Did not like the fact that I have to use an App every time I want to switch games.  The second day the NASCAR wasnâ€™t recognized.  The wheel is very solid material and nice vibration effects.  I had a DOYO prior with a sequential shifter that was more plug and play.  I â€œupgradedâ€ to this wheel after my shifter stopped working.  The DOYO is a cheaper quality but more user friendly.  I watched a lot of videos on this wheel prior to purchasing and I liked the rotation switch on the wheel and the fact that it came with the shifter.  I wish it set up easier and did not require an app to calibrate.  I used this on a gaming PC."
7,Andrew Nelson,the United States on 29 May 2022,4.0 out of 5 stars,Good For The Once A Month User,"This thing is cool for sure, a few problems worth note is that the gear shift is kinda wacky to click in, the clamps get in the way if your table is low, the pedals donâ€™t start giving input until youâ€™ve depressed about half way and the suction cups are not functional on any of my tables. Other than that great product that I use every now and then, if youâ€™re gonna use it daily get a higher quality one."
8,Gustavo techera,the United States on 1 March 2024,5.0 out of 5 stars,Muy buenos,Muy buenos
9,Sean,the United States on 25 April 2023,3.0 out of 5 stars,My wheel isnâ€™t straight,My wheel isnâ€™t straight and when itâ€™s center itâ€™s pulls the car to the left but the wheel is off to the right
